<?xml version="1.0" encoding="UTF-8"?>
<addon id="plugin.video.kringvarp" version="1.2" name="Kringvarp Føroya" provider-name="dotfo">
        <requires>
                <import addon="xbmc.python" version="2.0"/>
        </requires>
        <extension point="xbmc.python.pluginsource" library="addon.py">
                <provides>video</provides>
        </extension>
        <extension point="xbmc.addon.metadata">
                <summary lang="en">Watch Kringvarp TV</summary>
                <summary lang="da">Se Kringvarp TV</summary>
                <description lang="en">Faroese television programmes from Kringvarp Føroya</description>
                <description lang="da">Færøske tv programmer fra Kringvarp Føroya</description>
        <disclaimer lang="en"/>
        <disclaimer lang="da"/>
                <license>GPL 2.0</license>
                <platform>all</platform>
        </extension>
</addon>
